row ID,row m/z,row retention time,row ion mobility,row ion mobility unit,row CCS,correlation group ID,annotation network number,best ion,auto MS2 verify,identified by n=,partners,neutral M mass,137_C.mzML Peak area,RSZ_C.mzML Peak area,
1,144.04766519424865,0.65832305,,,,,,,,,,,528577.8,0,
3,169.0758168379011,0.89959425,,,,,,,,,,,6893815.0,0,
2,382.68540374970155,0.8192573,,,,,,,,,,,1089730.4,0,
5,438.7353840286291,0.89959425,,,,,,,,,,,7858003.0,0,
6,357.21246182479723,1.1232281,,,,,,,,,,,2656570.2,0,
7,261.1228698963919,1.3650908,,,,,,,,,,,1.0416232E7,0,
8,183.09147300526573,1.543998,,,,,,,,,,,1.5835614E7,0,
9,114.0915104440982,1.5547278,,,,,,,,,,,0,1239806.6,
10,337.6783586409507,1.7465528,,,,0,,,,,,,6931742.0,0,
11,674.3493787811302,1.7465528,,,,0,,,,,,,2565501.8,0,
13,284.6979370903314,1.8076857,,,,1,,,,,,,6610812.5,0,
14,284.19635954284,1.8269898,,,,1,,,,,,,2.9959046E7,0,
15,310.16665473967527,1.8269898,,,,1,,,,,,,2.809578E7,0,
16,197.12824839744434,1.8408254,,,,1,,,,,,,1.6801468E7,4126760.5,
12,261.12297246004096,1.8076857,,,,,,,,,,,3439156.5,0,
17,229.1002304304928,2.3406923,,,,,,,,,,,4403333.5,0,
19,277.17020362402656,2.7268314,,,,2,,,,,,,4550279.5,0,
20,553.3338637188185,2.74605,,,,2,,,,,,,6879871.0,0,
21,746.3528321489702,2.7651415,,,,2,,,,,,,4525371.5,0,
22,390.7519610805199,3.2563984,,,,,,,,,,,4500724.0,0,
23,193.0525490895254,3.5069842,,,,,,,,,,,3541503.5,0,
24,489.27007959690366,4.4278464,,,,,,,,,,,3327901.0,0,
25,211.14380641351582,4.543172,,,,3,,,,,,,1.083334E8,3.8675164E7,
26,212.14730532988955,4.550984,,,,3,,,,,,,0,4592507.0,
28,491.28581101417814,4.555283,,,,4,,,,,,,4707391.0,0,
30,374.68783933726235,4.7265716,,,,6,,,,,,,1803686.4,0,
31,449.7381368600748,4.7265716,,,,6,,,,,,,3838862.8,0,
34,668.3966386327556,4.827979,,,,5,,,,,,,1.7909094E7,0,
36,576.3497224866392,4.849483,,,,5,,,,,,,2.333347E7,0,
39,407.73100809099077,4.9769197,,,,,,,,,,,2337611.0,0,
38,116.07066730549063,4.9769197,,,,,,,,,,,1155379.2,0,
40,652.4013828768941,5.0160046,,,,,,,,,,,1.87066E7,0,
41,277.11785861108194,5.0533905,,,,,,,,,,,0,2095155.8,
43,553.3339089979229,5.124208,,,,,,,,,,,1.2072168E7,0,
46,261.1229858409118,5.199902,,,,,,,,,,,0,1390786.2,
44,164.9843645040603,5.172398,,,,,,,,,,,0,1730353.5,
47,491.24952069856005,5.2109013,,,,,,,,,,,1190564.6,0,
48,510.2702793203166,5.2109013,,,,,,,,,,,4051444.5,0,
50,259.2013205063861,5.241864,,,,,,,,,,,0,2967568.2,
45,245.12814269516463,5.199902,,,,,,,,,,,0,1214907.1,
51,659.3389917662272,5.2725863,,,,,,,,,,,1232909.0,0,
49,439.2907555446305,5.2305512,,,,,,,,,,,2.2042854E7,0,
52,278.1550217251397,5.3166986,,,,7,,,,,,,2389087.8,0,
53,334.69752125026406,5.3166986,,,,7,,,,,,,1162829.2,0,
54,343.70228068653404,5.3166986,,,,7,,,,,,,1.8769514E8,0,
55,372.2128355628074,5.3166986,,,,7,,,,,,,3266303.5,0,
56,404.7676345874289,5.3166986,,,,7,,,,,,,1767205.9,0,
57,409.2681590643274,5.3166986,,,,7,,,,,,,4414513.0,0,
59,284.1388763632283,5.322942,,,,7,,,,,,,1070832.1,1304799.8,
60,229.15427523424214,5.404477,,,,,,,,,,,3982698.5,0,
61,370.66153357580663,5.4272313,,,,,,,,,,,1950954.8,0,
63,686.3971893407778,5.468768,,,,,,,,,,,9.506355E7,0,
67,394.19674658038883,5.512156,,,,,,,,,,,0,2167330.0,
64,120.08060934797241,5.511072,,,,8,,,,,,,600454.94,0,
68,245.12815092807566,5.5339212,,,,8,0,[M+H]+,,2,69;68,244.12086,9.6393944E7,5968413.0,
69,267.11000754458894,5.511072,,,,8,0,[M+Na]+,,2,69;68,244.12086,4348063.5,0,
71,265.0967652540602,5.576145,,,,8,,,,,,,0,1891905.0,
65,376.2224446194563,5.511072,,,,8,,,,,,,2857869.8,0,
72,354.741272467326,5.557293,,,,,,,,,,,2.9437886E7,0,
73,429.2140440961435,5.557293,,,,8,,,,,,,1851613.2,0,
74,581.364894273094,5.557293,,,,8,,,,,,,3917099.0,0,
75,588.3496162841816,5.557293,,,,8,,,,,,,3728924.0,0,
76,654.3813498218735,5.557293,,,,8,,,,,,,7084990.0,0,
77,399.25968942740303,5.576145,,,,,,,,,,,0,3544269.5,
79,294.6783849053812,5.642298,,,,9,,,,,,,7038229.5,0,
80,505.30141031240373,5.642298,,,,9,,,,,,,2.2057592E7,0,
81,521.2603978474816,5.642298,,,,9,,,,,,,4132332.2,0,
82,459.7574176620581,5.664421,,,,9,,,,,,,2910216.8,0,
83,495.2775477209365,5.664421,,,,9,,,,,,,2012147.1,0,
91,439.2907785104975,5.756885,,,,,,,,,,,5.9910804E7,0,
84,345.220543724044,5.6870584,,,,9,,,,,,,2.0632406E7,0,
85,359.70071556899484,5.734612,,,,,,,,,,,1772269.9,0,
92,524.343610309802,5.756885,,,,10,,,,,,,4342002.5,0,
94,658.3542457205057,5.756885,,,,10,,,,,,,1600485.9,0,
98,333.73063151774465,5.780977,,,,10,,,,,,,4113543.2,0,
103,402.24185498632244,5.780977,,,,10,,,,,,,2118681.8,0,
105,464.23903455125964,5.803516,,,,10,,,,,,,3890644.0,0,
108,617.3282480405346,5.803516,,,,10,,,,,,,8096921.0,0,
109,730.3577826261253,5.803516,,,,10,,,,,,,7.048286E7,0,
112,365.68263441213554,5.826024,,,,10,,,,,,,1757985.9,0,
113,299.1097813223777,5.8339267,,,,,,,,,,,0,685722.44,
115,393.23610555195694,5.848222,,,,12,,,,,,,4512384.0,0,
116,441.7406156017981,5.848222,,,,12,,,,,,,5960651.5,0,
107,553.3339507668292,5.803516,,,,10,,,,,,,6353399.0,0,
122,558.3279817831531,5.8720884,,,,12,,,,,,,7.362972E7,0,
123,631.3442185912963,5.894615,,,,12,,,,,,,2634945.0,0,
124,741.3915436645457,5.894615,,,,12,,,,,,,5288374.5,0,
125,755.391317876452,5.894615,,,,12,,,,,,,1891793.5,0,
126,882.4737003437203,5.894615,,,,12,,,,,,,8723362.0,0,
129,431.2295475922786,5.9388423,,,,12,,,,,,,3902646.2,0,
131,565.8005023616838,5.9388423,,,,12,,,,,,,3251838.0,0,
151,601.3341451523022,6.053708,,,,12,,,,,,,3766562.5,0,
135,388.73636484913914,5.9863605,,,,12,,,,,,,4391571.0,0,
138,509.2910977251432,5.9863605,,,,12,,,,,,,2463618.8,0,
140,659.3378980617629,5.9863605,,,,12,,,,,,,8899784.0,0,
141,751.3647276120257,5.9863605,,,,12,,,,,,,8380930.0,0,
145,395.74408828793446,6.031481,,,,12,,,,,,,3887729.0,0,
149,373.73094849982556,6.053708,,,,12,,,,,,,4220555.5,0,
153,712.4132597127273,6.053708,,,,12,,,,,,,6539971.0,0,
155,838.4440510709824,6.053708,,,,12,,,,,,,3212026.5,0,
147,587.3184684848927,6.031481,,,,12,,,,,,,2595437.0,0,
158,356.70985118529114,6.076312,,,,12,,,,,,,2036659.2,0,
160,380.73872945265543,6.076312,,,,12,,,,,,,2869805.2,0,
161,419.7255436106087,6.076312,,,,12,,,,,,,4214898.0,0,
163,513.7737714961487,6.076312,,,,12,,,,,,,2405240.0,0,
168,636.3383093308784,6.076312,,,,12,,,,,,,1.69502E7,0,
169,668.3599395710049,6.076312,,,,12,,,,,,,2035434.8,0,
170,473.27501348267526,6.07755,,,,,,,,,,,1.2707059E7,1413224.6,
173,461.28640310563526,6.1222763,,,,12,,,,,,,3424898.5,0,
174,689.4332647892988,6.1222763,,,,12,,,,,,,4.2396816E7,0,
177,229.15412749494743,6.144672,,,,12,,,,,,,4146573.0,0,
178,279.6729924365716,6.144672,,,,12,,,,,,,1457956.6,0,
180,340.7384686436814,6.144672,,,,12,,,,,,,9848870.0,0,
181,345.22035544375984,6.144672,,,,12,,,,,,,1.3038137E8,0,
184,518.168459785602,6.1483808,,,,12,,,,,,,0,686711.5,
186,363.2119517594494,6.1687393,,,,12,,,,,,,0,4384059.0,
188,680.4719841201309,6.189688,,,,12,,,,,,,1374108.2,0,
192,530.296485347781,6.21219,,,,14,1,[M+H]+,,2,192;195,529.28871,2.6835117E8,0,
195,552.2774317729347,6.21219,,,,14,1,[M+Na]+,,2,192;195,529.28871,2090873.1,0,
196,615.3345259210085,6.21219,,,,14,,,,,,,4631632.0,0,
198,622.3220933101725,6.2568316,,,,14,,,,,,,2168834.8,0,
199,569.2711137524595,6.2737613,,,,,,,,,,,0,1093669.1,
202,666.4169468055637,6.302575,,,,11,,,,,,,2374443.0,0,
203,354.7413573333971,6.325012,,,,,,,,,,,3760205.5,0,
204,747.3366711066508,6.325012,,,,11,,,,,,,978485.44,0,
205,392.2538005823512,6.334613,,,,,,,,,,,0,2061880.0,
206,439.2498120753508,6.347637,,,,19,,,,,,,6175120.5,0,
208,629.332122883632,6.347637,,,,,,,,,,,2153702.2,0,
211,357.7307524960637,6.3725495,,,,19,,,,,,,2227205.5,0,
212,380.738708707308,6.3725495,,,,19,,,,,,,3178408.0,0,
214,400.2438216892973,6.3725495,,,,19,,,,,,,7015633.0,0,
217,509.2917967491834,6.3725495,,,,19,,,,,,,3844143.0,0,
218,570.3317188505965,6.3725495,,,,19,,,,,,,1972419.5,0,
220,867.4594257130174,6.3725495,,,,19,,,,,,,1286200.4,0,
222,434.23343938848313,6.395137,,,,19,,,,,,,1186150.8,0,
226,680.4304597376976,6.395137,,,,19,,,,,,,1794544.5,0,
229,538.3593415274916,6.4174595,,,,19,,,,,,,5217580.5,0,
232,220.11913161965973,6.4621863,,,,19,,,,,,,1645823.8,0,
235,639.4068423778867,6.4621863,,,,19,,,,,,,8084279.0,0,
237,379.7075440412087,6.4846635,,,,19,,,,,,,5353199.5,0,
240,758.4071962166186,6.4846635,,,,19,,,,,,,1.0725505E7,0,
241,194.08096354571276,6.4882183,,,,17,,,,,,,0,1621525.5,
242,340.1384140688875,6.4882183,,,,17,,,,,,,0,1026682.6,
243,508.17823951349897,6.4882183,,,,17,,,,,,,0,1158405.5,
246,431.2297768439564,6.5072837,,,,13,,,,,,,833268.75,0,
247,518.1683655322122,6.5110803,,,,17,,,,,,,0,1407984.0,
244,247.14385750716318,6.5072837,,,,13,,,,,,,1832813.8,0,
253,501.25775158510186,6.5535336,,,,21,,,,,,,7798028.0,0,
254,512.2486046136223,6.5535336,,,,21,,,,,,,975063.0,0,
256,609.3962701210472,6.5535336,,,,21,,,,,,,5113245.5,0,
257,653.4223829680172,6.5535336,,,,21,,,,,,,6214427.5,0,
258,685.3659019975233,6.5535336,,,,21,,,,,,,7703010.5,0,
249,243.08741531260108,6.5535336,,,,21,,,,,,,1493415.2,0,
263,509.2235119968076,6.573984,,,,,,,,,,,0,1244058.0,
268,902.4602658760243,6.575469,,,,21,,,,,,,1985750.2,0,
273,623.4117465467817,6.6228395,,,,23,,,,,,,4032665.0,0,
277,765.4855902537942,6.6228395,,,,23,,,,,,,3449374.0,0,
278,898.5496678005552,6.6228395,,,,23,,,,,,,4877920.0,0,
288,507.25940212182314,6.6565003,,,,15,,,,,,,0,5071468.0,
279,426.2379643714864,6.636188,,,,15,,,,,,,0,1257701.2,
280,329.20165158407667,6.645368,,,,23,,,,,,,3904439.2,0,
281,362.212464396526,6.645368,,,,23,,,,,,,2553146.0,0,
282,383.2465567680392,6.645368,,,,23,,,,,,,2877885.0,0,
284,394.7548792212867,6.645368,,,,23,,,,,,,4689539.0,0,
285,449.77858838181515,6.645368,,,,23,,,,,,,3.910512E7,0,
287,657.3964565225139,6.645368,,,,23,,,,,,,1.819548E7,0,
289,485.27502916402875,6.6677017,,,,23,,,,,,,1770061.5,0,
293,528.2894402268001,6.6922765,,,,23,,,,,,,616022.94,0,
294,629.3653308726831,6.6922765,,,,23,,,,,,,4194404.0,0,
296,790.4118864763267,6.714822,,,,23,,,,,,,1.698802E7,0,
298,229.15403538413904,6.73743,,,,23,,,,,,,760444.56,0,
299,351.2203551206906,6.73743,,,,23,,,,,,,1.223254E7,0,
300,564.280760464517,6.73743,,,,23,,,,,,,2356478.2,0,
301,701.4345467362526,6.73743,,,,23,,,,,,,3287948.0,0,
302,523.2907589063258,6.741631,,,,16,,,,,,,0,1477061.1,
307,574.357094380961,6.7600093,,,,23,,,,,,,1921928.0,0,
309,639.3514260016569,6.7600093,,,,23,,,,,,,705878.2,0,
310,396.3251955627743,6.7645454,,,,20,,,,,,,0,1578481.9,
313,976.5124216362818,6.7832613,,,,23,,,,,,,1047085.7,0,
314,581.2687540092656,6.789872,,,,,,,,,,,0,1563677.0,
315,358.2280381002804,6.8054924,,,,22,,,,,,,1574943.2,0,
318,558.3779086477276,6.808716,,,,20,,,,,,,0,1942303.9,
319,850.4920169272134,6.808716,,,,20,,,,,,,0,1611243.0,
306,552.3748066237579,6.7600093,,,,23,,,,,,,2.7594454E8,0,
320,595.7452528008104,6.8272676,,,,18,,,,,,,0,3476926.0,
321,606.7362359558214,6.8272676,,,,18,,,,,,,0,525732.06,
322,450.28816005663595,6.8280673,,,,22,,,,,,,3765240.5,0,
324,826.9768930275418,6.8280673,,,,22,,,,,,,1132312.5,0,
325,714.4169365190887,6.741631,,,,,,,,,,,0,1059522.1,
326,513.2865544214628,6.850269,,,,27,,,,,,,2767070.5,0,
327,550.791963484002,6.8743606,,,,27,,,,,,,1.8982242E7,0,
328,561.7815608955252,6.8743606,,,,27,,,,,,,1585392.5,0,
329,863.427804035494,6.8743606,,,,27,,,,,,,1951532.8,0,
330,493.3261336260049,6.8865466,,,,28,,,,,,,0,2812235.5,
332,601.3151833203831,6.8969374,,,,27,,,,,,,1171485.5,0,
333,715.4387080700474,6.8969374,,,,27,,,,,,,1391001.6,0,
335,887.4640346440589,6.8969374,,,,27,,,,,,,3131953.8,0,
336,722.444974438775,6.9049234,,,,28,,,,,,,0,2108771.0,
337,868.5023420442145,6.9049234,,,,28,,,,,,,0,2.0326836E7,
339,402.73400357204406,6.9194665,,,,27,,,,,,,980571.7,0,
347,754.4497582668238,6.9194665,,,,27,,,,,,,4513256.5,0,
348,309.11709739310066,6.927817,,,,28,,,,,,,0,5686922.0,
349,443.26824471923203,6.927817,,,,28,,,,,,,0,4101860.0,
353,811.4694469134281,6.944112,,,,27,,,,,,,4834391.5,0,
354,895.5019738802631,6.944112,,,,27,,,,,,,1652549.1,0,
355,385.1458110355183,6.950344,,,,28,,,,,,,0,2694976.5,
356,398.34063552488476,6.950344,,,,28,,,,,,,0,8.1047576E7,
357,476.730857360526,6.950344,,,,28,,,,,,,0,1998136.0,
358,401.7624802073315,6.9665246,,,,28,,,,,,,5181405.0,0,
359,428.2516783541581,6.9665246,,,,28,2,[M+H]+,,2,367;359,427.24419,2.9441072E7,0,
360,439.2424203312005,6.9665246,,,,28,,,,,,,2348127.2,0,
362,514.2538646987714,6.9665246,,,,28,,,,,,,2488585.5,0,
363,129.05447214525728,6.9724874,,,,28,,,,,,,0,1954088.2,
364,560.3931031131867,6.9724874,,,,28,,,,,,,0,1.065943E8,
366,855.4956820106769,6.9890804,,,,28,3,[M+H]+,,2,367;366,854.48818,5.9809596E7,0,
367,877.4771657064487,6.9890804,,,,28,3,[M+Na]+,,2,367;366,854.48818,3038456.0,0,
368,227.1748708318555,6.992034,,,,28,,,,,,,2890129.0,2865725.2,
369,111.04409738397892,6.9949875,,,,28,,,,,,,0,2237153.2,
371,239.090746254159,6.9949875,,,,28,,,,,,,0,3620311.0,
372,257.10125177087764,6.9949875,,,,28,,,,,,,0,3114397.0,
373,275.1117209759563,6.9949875,,,,28,,,,,,,0,3167900.5,
374,437.74877067606803,6.9949875,,,,28,,,,,,,0,5281637.0,
375,706.4502888729314,6.9949875,,,,28,,,,,,,0,3.0248316E7,
376,852.5075243919231,6.9949875,,,,28,,,,,,,0,4.3759344E7,
378,983.5546308001484,7.011522,,,,26,,,,,,,1.8045376E7,0,
350,445.7460147162911,6.927817,,,,28,,,,,,,0,2.2308808E7,
379,293.1222458220283,7.0172977,,,,28,,,,,,,0,2.109565E7,
380,468.73371611618893,7.0172977,,,,28,,,,,,,0,2383543.5,
382,360.19068947613005,7.034926,,,,26,,,,,,,1487468.2,0,
383,492.28138484794977,7.057397,,,,26,,,,,,,1.144969E7,0,
384,503.2720649211033,7.057397,,,,26,,,,,,,1893380.8,0,
385,542.8043796662723,7.057397,,,,26,,,,,,,1344726.4,0,
391,331.20811803625975,7.082941,,,,,,,,,,,0,1363820.0,
389,435.2413825615715,7.0800986,,,,32,,,,,,,1175362.9,0,
390,643.3803724978961,7.0800986,,,,32,,,,,,,1.2975624E7,0,
393,445.2439866604765,7.102836,,,,32,4,[M+H]+,,2,406;393,444.23659,1.3613009E7,0,
394,456.23487051861315,7.102836,,,,32,,,,,,,2404212.2,0,
395,480.7624371864931,7.102836,,,,32,,,,,,,893136.75,0,
397,829.4815295393512,7.102836,,,,32,,,,,,,1235155.5,0,
398,960.5168704469008,7.102836,,,,32,,,,,,,1750431.9,0,
400,356.115375236098,7.105566,,,,32,,,,,,,0,2279943.5,
401,519.2170944831504,7.105566,,,,,,,,,,,0,499413.44,
404,889.4802095155304,7.126763,,,,32,5,[M+H]+,,2,404;406,888.47294,4.5697788E7,0,
407,261.1593425258194,7.1286755,,,,32,,,,,,,2567756.2,1848177.4,
387,588.3746017473192,7.057397,,,,,,,,,,,1.104476E7,0,
412,181.1220512034602,7.175632,,,,25,6,[M+H-H2O]+,,2,414;412,198.12533,0,567297.94,
413,199.1326262884558,7.175632,,,,25,6,[M+H]+,,2,413;414,198.12533,0,1093481.8,
414,221.11450800911095,7.175632,,,,25,6,[M+Na]+,,3,413;414;412,198.12533,0,1546863.9,
416,821.438787422913,7.1931143,,,,24,,,,,,,1088683.4,0,
415,586.3592682953717,7.1931143,,,,24,,,,,,,7342420.5,0,
421,493.7703810213622,7.2374015,,,,34,,,,,,,2214883.2,0,
422,550.7916162285833,7.2374015,,,,34,,,,,,,793091.25,0,
423,607.3338557136004,7.2374015,,,,34,,,,,,,2244830.0,0,
424,651.4431056341841,7.2374015,,,,34,,,,,,,5699091.0,0,
425,800.4676094948001,7.2374015,,,,34,,,,,,,1034955.6,0,
426,986.5332822858043,7.2374015,,,,34,,,,,,,3686196.0,0,
427,619.331650810267,7.259989,,,,34,,,,,,,2119296.5,0,
428,433.2280995518707,7.2847075,,,,34,,,,,,,649723.3,0,
430,462.7859143365642,7.2847075,,,,34,,,,,,,1406961.6,0,
431,677.3644499993458,7.2847075,,,,34,,,,,,,3256064.2,0,
432,793.516987109634,7.2847075,,,,34,,,,,,,739144.7,0,
433,865.4474529100698,7.2847075,,,,34,7,[M+H]+,,2,434;433,864.43969,5114445.0,0,
434,887.4284202641438,7.307322,,,,34,7,[M+Na]+,,2,434;433,864.43969,1784548.2,0,
435,358.2277271857213,7.329855,,,,29,,,,,,,585322.3,0,
436,752.4909746042678,7.329855,,,,29,,,,,,,952301.8,0,
437,396.3255033115844,7.337681,,,,,,,,,,,0,1635653.4,
439,414.2311412279277,7.352401,,,,30,,,,,,,1368568.2,0,
440,685.4274222789495,7.352401,,,,29,,,,,,,4062437.0,0,
442,210.05795257360307,7.3872495,,,,36,,,,,,,0,2306562.2,
443,363.1942343161455,7.3872495,,,,36,8,[M+H]+,,2,444;443,362.1869,0,419715.25,
444,385.17606667935894,7.3872495,,,,36,8,[M+Na]+,,2,444;443,362.1869,0,714399.6,
445,502.1732006097578,7.3872495,,,,36,9,[M+H]+,,2,447;445,501.166,0,1.014801E7,
447,524.1553031795455,7.3872495,,,,36,9,[M+Na]+,,2,447;445,501.166,0,2166677.8,
448,766.505517486913,7.3982277,,,,30,,,,,,,912039.25,0,
449,356.1154454797482,7.4091325,,,,36,,,,,,,0,6167612.0,
450,390.701268992074,7.4205856,,,,37,,,,,,,1113370.1,0,
451,742.4484777223116,7.4205856,,,,37,10,[M+H]+,,2,452;451,741.44209,7.157723E7,0,
453,181.1220129154445,7.4317303,,,,,,,,,,,0,521371.12,
454,301.2480859523679,7.4437294,,,,37,,,,,,,909788.6,0,
455,501.7859986294751,7.4437294,,,,37,,,,,,,1541287.0,0,
457,295.1435902088139,7.4666166,,,,,,,,,,,569594.25,0,
456,241.09677751542912,7.4666166,,,,,,,,,,,452185.38,0,
458,316.1538022043812,7.488831,,,,,,,,,,,803777.6,0,
460,421.19121278524165,7.50379,,,,38,,,,,,,0,1.0027984E7,
461,430.19666369999504,7.50379,,,,38,,,,,,,0,396145.12,
462,441.1873660198602,7.50379,,,,38,,,,,,,0,1000597.6,
464,859.3855600180016,7.50379,,,,38,,,,,,,0,2276665.8,
465,728.3740099848915,7.5113645,,,,35,,,,,,,2023231.5,0,
466,210.14849334164262,7.5287294,,,,38,,,,,,,0,1001600.9,
468,329.2541970689194,7.5347247,,,,35,,,,,,,825635.7,0,
469,600.3259676660144,7.5347247,,,,35,,,,,,,1303923.5,0,
470,144.13813104162313,7.5512834,,,,31,,,,,,,0,1326270.4,
471,398.3411000071184,7.5512834,,,,31,,,,,,,0,5051486.5,
474,333.23293832862663,7.580091,,,,40,,,,,,,1081362.8,0,
476,665.4587263494359,7.580091,,,,40,,,,,,,7375013.5,0,
477,897.5188209286678,7.580091,,,,40,,,,,,,712764.44,0,
478,935.5072997066458,7.580091,,,,40,,,,,,,3046216.5,0,
480,946.4983126293133,7.580091,,,,40,,,,,,,569660.06,0,
481,505.288709405859,7.6024947,,,,,,,,,,,380662.5,0,
482,123.11683920090611,7.6191354,,,,43,,,,,,,0,1238481.0,
483,147.1166090119175,7.6191354,,,,43,,,,,,,0,1485083.0,
484,165.1271900989576,7.6191354,,,,43,,,,,,,0,2377828.2,
485,183.1377387024255,7.6191354,,,,43,11,[M+H-H2O]+,,2,485;487,200.14098,0,1330240.6,
486,201.14825547303028,7.6191354,,,,43,11,[M+H]+,,2,486;487,200.14098,0,1128747.5,
487,223.13015157456556,7.6191354,,,,43,11,[M+Na]+,,3,485;486;487,200.14098,0,3071862.0,
488,228.15905239676724,7.6191354,,,,43,12,[M+H]+,,2,489;488,227.15173,0,6237234.0,
489,250.14090207219905,7.6191354,,,,43,12,[M+Na]+,,2,488;489,227.15173,0,3001963.2,
491,466.2289373506752,7.6191354,,,,43,13,[M+NH4]+,,2,491;492,448.19438,0,1137005.5,
492,471.1828655049728,7.6191354,,,,43,13,[M+Na]+,,2,491;492,448.19438,0,4469444.5,
493,536.8417148095716,7.6273093,,,,40,,,,,,,1703746.8,0,
494,171.09154686361632,7.64843,,,,33,,,,,,,1083005.2,0,
495,544.2759648289115,7.64843,,,,33,,,,,,,513673.6,0,
496,603.3016870093433,7.6634245,,,,,,,,,,,0,492134.5,
497,274.1434241915215,7.668013,,,,,,,,,,,421357.0,0,
499,329.0651362105657,7.692382,,,,,,,,,,,422711.62,0,
500,307.1511166538297,7.7098427,,,,44,,,,,,,0,378963.0,
501,345.15391662630714,7.7098427,,,,44,14,[M+H]+,,3,504;503;501,344.14659,0,1098356.8,
502,354.10002206434854,7.7098427,,,,44,,,,,,,0,403424.3,
503,362.1803539769401,7.7098427,,,,44,14,[M+NH4]+,,3,504;503;501,344.14659,0,492961.12,
504,367.1358107903333,7.7098427,,,,44,14,[M+Na]+,,3,504;503;501,344.14659,0,2578707.2,
506,484.7943459188333,7.716263,,,,42,,,,,,,981029.7,0,
508,699.4441629965906,7.716263,,,,42,,,,,,,4518946.5,0,
509,968.5816699108184,7.716263,,,,42,,,,,,,748252.06,0,
510,500.15779392742064,7.755286,,,,,,,,,,,0,397638.38,
512,495.3062920316986,7.7782903,,,,45,,,,,,,0,587835.5,
513,268.13280580926363,7.7865705,,,,41,15,[M+H]+,,2,513;514,267.12559,676823.25,0,
514,285.1594667163798,7.7865705,,,,41,15,[M+NH4]+,,2,513;514,267.12559,5284048.5,0,
515,307.14133517895505,7.7865705,,,,41,16,[M+Na]+,,2,514;515,284.15215,993142.8,0,
516,260.1852109379872,7.8010674,,,,45,17,[M+H]+,,2,517;516,259.17785,0,1270378.6,
517,282.16698898488676,7.8010674,,,,45,17,[M+Na]+,,2,517;516,259.17785,0,624257.5,
518,476.29591637886494,7.8010674,,,,45,,,,,,,0,5191794.5,
519,367.26853684003584,7.8165417,,,,45,18,[M+H]+,,2,519;520,366.26124,542057.7,2296126.8,
520,389.25044468219164,7.8279,,,,45,18,[M+Na]+,,2,519;520,366.26124,1026551.44,4944810.5,
521,561.291807380233,7.881295,,,,52,,,,,,,522646.8,0,
522,764.5266777281402,7.881295,,,,,,,,,,,1319666.4,0,
523,192.13805399247366,7.887004,,,,52,19,[M+H]+,,2,524;523,191.13074,1.3662348E7,1.6097954E7,
524,214.11991977699037,7.887004,,,,52,19,[M+Na]+,,2,524;523,191.13074,1029220.8,1689561.6,
525,293.17196378483277,7.8927126,,,,52,,,,,,,0,765330.4,
526,295.1875287092444,7.8927126,,,,52,,,,,,,0,612866.5,
527,367.20843339059337,7.8927126,,,,,,,,,,,0,2031702.9,
529,516.189244088622,7.8927126,,,,52,,,,,,,0,482464.66,
530,563.799944752345,7.903945,,,,52,,,,,,,418110.4,0,
531,582.3448434378821,7.903945,,,,52,,,,,,,1179397.5,0,
532,267.19496654887826,7.914783,,,,49,,,,,,,0,1128348.4,
533,325.19817692830304,7.914783,,,,49,,,,,,,0,3023058.8,
534,766.4488005460802,7.926636,,,,,,,,,,,421560.56,0,
538,641.3648373559994,7.936606,,,,39,,,,,,,0,2319607.0,
540,673.3542029719491,7.936606,,,,49,,,,,,,0,2920755.0,
541,382.2217951479841,7.9603763,,,,50,20,[M+H]+,,2,542;541,381.21462,0,1385827.8,
542,404.2039327224623,7.9603763,,,,50,20,[M+Na]+,,2,542;541,381.21462,0,957379.25,
543,413.17659689266765,7.9603763,,,,50,,,,,,,0,561700.5,
544,511.2548973636393,7.976526,,,,,,,,,,,755668.6,0,
547,210.14818111516095,8.004461,,,,53,,,,,,,0,735915.0,
550,422.1990670840673,8.004461,,,,53,,,,,,,0,3034607.0,
555,209.16451447493412,8.02863,,,,48,,,,,,,0,737572.7,
556,199.12287017498645,8.023001,,,,,,,,,,,2159186.0,0,
558,517.7626853125761,8.02863,,,,48,,,,,,,0,1287733.1,
560,731.3596971476269,8.050426,,,,,,,,,,,0,2202711.0,
561,463.2167154063123,8.072428,,,,55,22,[M+H]+,,2,561;562,462.20948,0,684185.75,
562,485.19873552909206,8.072428,,,,55,22,[M+Na]+,,2,561;562,462.20948,0,1769513.8,
565,557.2196846110558,8.072428,,,,55,23,[M+Na]+,,3,563;565;564,534.23051,0,7459050.0,
568,211.086335600807,8.07276,,,,55,,,,,,,1.5676257E7,1623432.1,
570,503.7707902598354,8.095979,,,,,,,,,,,416067.16,0,
571,752.9413701592989,8.095979,,,,55,,,,,,,3073821.2,0,
572,454.2329564225821,8.121587,,,,54,24,[M+H]+,,2,573;572,453.22571,5648813.0,0,
573,476.21495339913525,8.121587,,,,54,24,[M+Na]+,,2,573;572,453.22571,1243625.1,0,
574,460.2671099009983,8.138748,,,,46,,,,,,,0,1044488.5,
576,291.21599615028174,8.141304,,,,54,25,[M+H]+,,2,577;576,290.2087,1467547.1,4831154.0,
577,313.19790693448795,8.141304,,,,54,25,[M+Na]+,,2,577;576,290.2087,1406017.0,5519476.5,
580,478.27890657140307,8.160594,,,,46,,,,,,,0,872504.5,
581,718.3641812509395,8.160594,,,,47,,,,,,,0,6411816.0,
579,158.15370511826197,8.160594,,,,47,,,,,,,0,555118.4,
585,593.3832593203758,8.166993,,,,,,,,,,,977544.44,0,
586,576.2768675201166,8.182391,,,,56,,,,,,,0,751487.06,
587,360.1909115569358,8.189568,,,,57,,,,,,,1466566.1,0,
588,502.74098412370694,8.189568,,,,57,,,,,,,1272675.5,0,
591,170.15367843797222,8.209116,,,,57,,,,,,,360229.6,0,
592,286.14321458033714,8.209116,,,,57,,,,,,,5242873.5,0,
593,483.7676108635163,8.209116,,,,57,26,[M+H]+,,2,593;596,482.76019,2919484.5,0,
594,494.75831844382964,8.209116,,,,57,,,,,,,1005141.5,0,
595,966.5276490083115,8.209116,,,,57,27,[M+H]+,,2,595;596,965.52023,1.3600906E7,0,
596,988.5093065854963,8.209116,,,,57,27,[M+Na]+,,2,595;596,965.52023,5483775.0,0,
597,296.1824229086656,8.228543,,,,60,29,[M+Na]+,,2,597;604,273.19334,0,1588192.8,
599,432.2373370424522,8.228543,,,,56,28,[M+H-H2O]+,,2,600;599,449.24059,0,996295.44,
600,472.22976243134764,8.228543,,,,56,28,[M+Na]+,,2,600;599,449.24059,0,752303.2,
601,495.30594253722484,8.228543,,,,56,,,,,,,0,1725512.8,
610,382.15356913330015,8.272409,,,,51,,,,,,,0,937905.75,
611,464.2996796025824,8.272409,,,,60,,,,,,,0,3694179.0,
612,657.3591982944446,8.272409,,,,51,,,,,,,0,2166817.2,
615,586.2747998549926,8.295695,,,,62,32,[M+H-H2O]+,,3,616;617;615,603.27792,0,9988169.0,
617,626.2670731103897,8.295695,,,,62,32,[M+Na]+,,3,616;617;615,603.27792,0,3584729.0,
618,687.369922378268,8.295695,,,,62,,,,,,,0,2220182.2,
619,293.21027118682673,8.31799,,,,63,,,,,,,0,2055556.0,
620,351.2134237262602,8.31799,,,,63,,,,,,,0,3242286.5,
621,408.27316236857683,8.31799,,,,62,33,[M+H]+,,2,621;622,407.26602,0,743340.94,
622,430.25536923653766,8.31799,,,,62,33,[M+Na]+,,2,621;622,407.26602,0,905377.8,
625,384.22757547122916,8.340848,,,,,,,,,,,999967.5,0,
626,674.8458206075677,8.340848,,,,,,,,,,,612575.8,0,
628,452.26341374885754,8.363126,,,,,,,,,,,0,985787.0,
630,851.5109856603706,8.363126,,,,63,,,,,,,0,3125636.2,
631,274.2734565193688,8.364182,,,,63,,,,,,,1.4479519E7,7.786013E7,
633,412.1859545616261,8.385053,,,,67,,,,,,,0,1956138.4,
634,420.27353935596165,8.385053,,,,67,,,,,,,0,3812752.2,
635,841.374579583711,8.385053,,,,67,,,,,,,0,1688862.0,
636,318.2995855658993,8.3975315,,,,67,,,,,,,1392112.5,8110285.5,
639,425.3100929118674,8.408503,,,,67,34,[M+H]+,,3,640;639;637,424.30281,1038093.6,4890301.0,
640,447.292079458079,8.408503,,,,67,34,[M+Na]+,,3,640;639;637,424.30281,2835762.2,9998476.0,
644,496.2433284589837,8.41001,,,,67,35,[M+H]+,,2,644;646,495.23594,5.575051E7,0,
646,518.2252898278251,8.41001,,,,67,35,[M+Na]+,,3,644;647;646,495.23594,4538244.0,0,
647,991.478661778724,8.41001,,,,67,35,[2M+H]+,,2,647;646,495.23594,2120728.8,0,
650,378.2266102046687,8.429073,,,,,,,,,,,0,1136631.9,
651,396.2372886866673,8.429073,,,,67,,,,,,,0,4074039.0,
653,417.2637816767424,8.429073,,,,58,,,,,,,0,1113463.5,
654,418.219200598083,8.429073,,,,,,,,,,,0,1210639.4,
655,435.27490878608097,8.429073,,,,58,36,[M+H-H2O]+,,2,657;655,452.27772,0,3254682.5,
657,475.2664570212396,8.429073,,,,58,36,[M+Na]+,,2,657;655,452.27772,0,2746548.2,
662,228.19543432248696,8.430439,,,,67,,,,,,,959836.6,1551762.0,
666,643.2559142024277,8.451556,,,,66,37,[M+Na]+,,2,665;666,620.26662,0,5791919.0,
668,510.2590683891867,8.455628,,,,,,,,,,,2576570.5,0,
670,510.2691237442914,8.473418,,,,66,38,[M+H]+,,2,670;671,509.26184,0,3320218.8,
671,532.2510499175708,8.473418,,,,66,38,[M+Na]+,,2,670;671,509.26184,0,2040443.2,
676,295.14355136307825,8.500651,,,,64,,,,,,,447192.56,0,
677,300.1588916641417,8.500651,,,,64,39,[M+H]+,,2,678;677,299.15151,4890379.0,0,
678,322.1406286341514,8.500651,,,,64,39,[M+Na]+,,2,678;677,299.15151,700224.6,0,
679,984.4804837000859,8.500651,,,,64,,,,,,,834451.5,0,
681,600.2903113411983,8.517191,,,,61,40,[M+H-H2O]+,,2,675;681,617.29331,0,1835478.0,
682,440.2537019567022,8.523931,,,,70,41,[M+H]+,,2,682;684,439.24636,685119.75,0,
683,454.26912094586373,8.523931,,,,70,42,[M+H]+,,2,685;683,453.2619,782538.7,0,
685,476.25117325226324,8.523931,,,,70,42,[M+Na]+,,2,685;683,453.2619,805799.44,0,
701,290.2684217517948,8.546853,,,,70,,,,,,,1366402.4,0,
691,295.22606145934276,8.539895,,,,71,,,,,,,0,3613694.8,
694,431.19031556774064,8.539895,,,,71,43,[M+H]+,,4,696;695;694;698,430.1829,0,2.1811252E7,
695,448.21681562514937,8.539895,,,,71,43,[M+NH4]+,,4,696;695;694;698,430.1829,0,4631639.0,
696,453.17206107918884,8.539895,,,,71,43,[M+Na]+,,4,696;695;694;698,430.1829,0,1.7852064E7,
697,462.2839283946113,8.539895,,,,71,44,[M+H]+,,2,697;708,461.27667,0,1.8857436E7,
702,379.19860033035246,8.546853,,,,70,,,,,,,628163.25,0,
704,761.4256471284222,8.546853,,,,70,,,,,,,1381995.8,0,
705,321.2418116801625,8.561649,,,,71,,,,,,,0,2699988.8,
706,382.25800173616113,8.561649,,,,71,,,,,,,0,3183290.0,
708,484.26589908437745,8.561649,,,,71,44,[M+Na]+,,2,697;708,461.27667,0,2643073.5,
710,268.1327310926046,8.568789,,,,70,,,,,,,5355940.0,0,
712,528.2698019481519,8.568789,,,,70,45,[M+H]+,,2,713;712,527.26249,2177615.8,0,
713,550.2516692315867,8.568789,,,,70,45,[M+Na]+,,2,713;712,527.26249,1030428.2,0,
714,303.23131579746206,8.583527,,,,71,,,,,,,0,2335072.2,
717,559.3228636924316,8.583527,,,,71,,,,,,,0,1.441631E7,
718,213.1383466266447,8.590805,,,,,,,,,,,3083466.5,0,
719,353.2290527550606,8.605306,,,,72,,,,,,,0,5118336.0,
720,507.29214109440244,8.605306,,,,72,,,,,,,0,1881742.2,
723,583.3834076737212,8.605306,,,,72,46,[M+H-H2O]+,,2,725;723,600.38626,0,540399.5,
728,736.3201572944714,8.615963,,,,59,,,,,,,393561.84,0,
730,479.31090609431595,8.628374,,,,72,,,,,,,0,1859792.2,
731,539.7753222601051,8.628374,,,,72,,,,,,,0,761339.06,
736,524.7701184861037,8.65018,,,,,,,,,,,0,1695902.1,
737,673.3537631850863,8.65018,,,,,,,,,,,0,4815781.5,
742,494.263669593738,8.682037,,,,73,47,[M+H-H2O]+,,2,742;744,511.26643,1.29512E7,0,
746,531.7779746549459,8.69562,,,,74,,,,,,,0,6.741678E7,
747,542.7685241827711,8.69562,,,,74,,,,,,,0,8130458.5,
748,550.7513268704869,8.69562,,,,74,,,,,,,0,1416547.4,
751,450.23783746622655,8.705767,,,,73,,,,,,,1338632.5,0,
752,973.5033161507934,8.705767,,,,73,,,,,,,1066591.8,0,
744,534.2562774035833,8.682037,,,,73,47,[M+Na]+,,3,742;744;743,511.26643,3325068.2,0,
753,254.17417788989687,8.717365,,,,74,,,,,,,0,1142048.6,
754,364.1856804342042,8.717365,,,,74,,,,,,,0,1705414.8,
755,405.19414789273503,8.717365,,,,74,,,,,,,0,1470870.2,
756,454.2788735073781,8.739117,,,,,,,,,,,0,1271706.2,
757,517.2271211469405,8.739117,,,,76,48,[M+H]+,,2,757;758,516.21967,0,4481414.5,
758,539.2087214638256,8.739117,,,,76,48,[M+Na]+,,2,757;758,516.21967,0,5404025.0,
759,349.2575137410649,8.744703,,,,76,51,[M+H]+,,2,759;782,348.25022,1994395.5,2996225.2,
764,121.06420278614576,8.750291,,,,76,,,,,,,2517601.2,0,
765,131.04869137464067,8.750291,,,,76,,,,,,,809590.8,0,
768,480.24819556689306,8.750291,,,,76,49,[M+H]+,,3,778;781;768,479.24073,2.2679413E8,0,
770,959.4887376796892,8.750291,,,,76,49,[2M+H]+,,2,778;770,479.24073,1.6102933E7,0,
774,466.27909754929567,8.761063,,,,65,,,,,,,0,1779770.2,
776,729.2920578710008,8.761063,,,,65,,,,,,,0,1642293.9,
777,499.22178695502635,8.77246,,,,76,,,,,,,2097019.0,0,
778,502.22983263630243,8.77246,,,,76,49,[M+Na]+,,3,778;770;768,479.24073,1.9824798E7,0,
779,528.2687464932318,8.77246,,,,76,,,,,,,879865.2,0,
780,738.8410100002432,8.77246,,,,76,,,,,,,1427809.4,0,
781,981.4704911491207,8.77246,,,,76,49,[2M+Na]+,,2,781;768,479.24073,9731196.0,0,
782,371.2394278594692,8.778484,,,,76,51,[M+Na]+,,2,759;782,348.25022,1976380.9,2052372.2,
783,488.2606020965747,8.784508,,,,76,,,,,,,0,811911.6,
786,321.24173003899,8.82831,,,,75,,,,,,,0,2346948.5,
787,410.2527166258986,8.82831,,,,75,,,,,,,0,3233628.2,
789,507.29191962602624,8.850193,,,,75,,,,,,,0,2054359.2,
790,587.7481955295198,8.850193,,,,78,,,,,,,0,1628088.5,
791,731.3592267210205,8.850193,,,,78,,,,,,,0,2955342.0,
794,436.2586472616228,8.862486,,,,78,,,,,,,1906199.4,0,
795,450.2379662111583,8.862486,,,,68,,,,,,,1936556.2,0,
796,838.5300583200881,8.862486,,,,68,,,,,,,2013863.5,0,
801,496.289601173174,8.874109,,,,78,52,[M+H]+,,2,801;804,495.28224,0,2747349.2,
804,518.2713684885007,8.874109,,,,78,52,[M+Na]+,,2,801;804,495.28224,0,2068029.8,
805,535.3231316978224,8.874109,,,,78,,,,,,,0,2033468.8,
806,483.3518598693136,8.874109,,,,78,53,[M+H]+,,3,806;807;802,482.34458,0,4797417.0,
807,505.3336358474348,8.879406,,,,78,53,[M+Na]+,,3,806;807;802,482.34458,3584633.5,1.0242557E7,
808,359.2896179066026,8.884703,,,,78,,,,,,,5892873.0,0,
809,385.2114451087216,8.884703,,,,78,54,[M+H]+,,2,810;809,384.20414,1.5175703E7,0,
810,407.1933199664019,8.884703,,,,78,54,[M+Na]+,,2,810;809,384.20414,1341641.2,0,
811,864.45156403117,8.884703,,,,78,55,[M+H]+,,2,812;811,863.44453,498803.7,0,
812,886.4339877768405,8.884703,,,,78,55,[M+Na]+,,2,811;812,863.44453,688430.0,0,
813,687.3698680284921,8.895957,,,,77,,,,,,,0,1271344.2,
814,833.5003782991013,8.895957,,,,77,,,,,,,0,1727311.8,
816,490.27858421250534,8.917785,,,,69,,,,,,,0,639271.5,
820,900.4495507302814,8.929763,,,,,,,,,,,1380737.6,0,
824,304.29919055821483,8.947144,,,,69,,,,,,,4258402.0,2733399.0,
825,297.0751467649172,8.954694,,,,,,,,,,,1048075.56,0,
827,460.2683217191732,8.963688,,,,81,56,[M+H-H2O]+,,2,827;829,477.27168,0,8564449.0,
828,493.3267829540496,8.963688,,,,81,,,,,,,0,867736.1,
829,500.26083100168825,8.963688,,,,81,56,[M+Na]+,,3,827;836;829,477.27168,0,3078832.5,
830,268.1326457727225,8.976501,,,,79,,,,,,,3043739.0,0,
831,399.22716010264526,8.976501,,,,79,57,[M+H]+,,3,833;832;831,398.21975,3.727113E7,0,
832,421.20880002462013,8.976501,,,,79,57,[M+Na]+,,2,831;832,398.21975,5106416.0,0,
833,819.428769593485,8.976501,,,,79,57,[2M+Na]+,,2,833;831,398.21975,1956147.8,0,
835,464.2999963989333,8.985509,,,,81,,,,,,,0,1097717.9,
836,478.27909467648067,8.985509,,,,81,56,[M+H]+,,2,836;829,477.27168,0,5017171.5,
841,585.3195147482912,9.007663,,,,,,,,,,,0,1837254.1,
842,603.2637202312367,9.007663,,,,81,59,[M+H]+,,3,843;842;844,602.25626,0,2329174.5,
844,625.2454141470963,9.007663,,,,81,59,[M+Na]+,,3,843;842;844,602.25626,0,3770687.0,
845,643.3610403070642,9.007663,,,,81,,,,,,,0,1585201.6,
848,494.2641712016137,9.046772,,,,,,,,,,,2635744.5,0,
851,961.5006915997973,9.053634,,,,83,61,[M+H]+,,2,851;852,960.49347,0,9906312.0,
855,408.27352475217583,9.075527,,,,83,,,,,,,0,1901601.6,
856,444.27349732662265,9.075527,,,,83,,,,,,,0,3708370.8,
858,462.2836981892448,9.075527,,,,83,62,[M+H-H2O]+,,2,861;858,479.2872,0,1.8287408E7,
859,480.29464202244947,9.075527,,,,83,62,[M+H]+,,2,861;859,479.2872,0,1.1272392E7,
861,502.2764760025135,9.075527,,,,83,62,[M+Na]+,,3,861;859;858,479.2872,0,6031289.0,
865,759.503099226326,9.075527,,,,83,,,,,,,0,6285220.5,
866,415.2108061608682,9.092347,,,,83,63,[M+H]+,,2,866;867,414.2034,933774.94,0,
867,437.1927628020349,9.092347,,,,83,63,[M+Na]+,,2,866;867,414.2034,995215.94,0,
868,481.2546074856625,9.097398,,,,83,,,,,,,0,1938409.2,
871,448.3048518775401,9.119926,,,,83,,,,,,,0,5.319634E7,
875,436.2589734466957,9.140132,,,,,,,,,,,794362.44,0,
878,441.2835440527602,9.141802,,,,83,,,,,,,0,2103081.2,
879,520.289607465046,9.141802,,,,83,65,[M+H-H2O]+,,2,879;892,537.29296,0,5416863.0,
881,595.3830134318108,9.141802,,,,83,,,,,,,0,4674379.0,
883,777.5133166476244,9.141802,,,,83,,,,,,,0,1.4887371E7,
885,795.5234911152256,9.141802,,,,83,64,[M+H-H2O]+,,2,891;885,812.52656,0,1.7686456E7,
886,813.5345603015797,9.141802,,,,83,,,,,,,0,2442833.2,
887,864.4478085095171,9.141802,,,,83,,,,,,,0,1410841.5,
888,385.3055562706897,9.162678,,,,,,,,,,,2438189.2,0,
889,538.3003197994597,9.164076,,,,83,65,[M+H]+,,2,892;889,537.29296,0,1.8059944E7,
890,741.4929457377696,9.164076,,,,83,,,,,,,0,1769112.2,
891,835.5155489426543,9.164076,,,,83,64,[M+Na]+,,2,891;885,812.52656,0,9934761.0,
892,560.282159556672,9.186588,,,,83,65,[M+Na]+,,3,879;892;889,537.29296,0,6623327.0,
893,407.2998201078892,9.210018,,,,82,66,[M+H]+,,3,893;894;895,406.29244,2582597.5,4543783.0,
894,424.32642176657237,9.210017,,,,82,66,[M+NH4]+,,3,893;894;895,406.29244,730385.5,0,
895,429.281585471378,9.210018,,,,82,66,[M+Na]+,,3,893;894;895,406.29244,6192253.5,5896866.0,
898,389.26383971039337,9.232457,,,,85,,,,,,,0,1023305.5,
901,541.3941154637922,9.243601,,,,85,67,[M+H]+,,2,902;901,540.38679,882482.94,3299159.2,
902,563.3759542558089,9.243601,,,,85,67,[M+Na]+,,2,902;901,540.38679,2401108.5,5885703.0,
906,509.2675221201781,9.2544,,,,85,,,,,,,0,1791897.2,
907,462.28166282448257,9.27788,,,,85,,,,,,,0,3292561.5,
912,492.29486373741076,9.300086,,,,84,68,[M+H]+,,2,912;915,491.28744,0,1293174.9,
914,488.29733370675876,9.321879,,,,84,,,,,,,0,6191715.5,
915,514.2765071197787,9.321879,,,,84,68,[M+Na]+,,2,912;915,491.28744,0,612112.25,
918,312.25261623706166,9.344246,,,,86,69,[M+H-H2O]+,,2,921;918,329.25588,0,1.4626778E7,
920,330.2632121612601,9.367852,,,,86,69,[M+H]+,,2,921;920,329.25588,0,1.6856058E7,
921,352.24503491221145,9.367852,,,,86,69,[M+Na]+,,4,923;921;920;918,329.25588,0,1853250.2,
923,659.5189719123481,9.367852,,,,86,69,[2M+H]+,,2,923;921,329.25588,0,677278.4,
928,291.19511952067995,9.37546,,,,80,70,[M+H-H2O]+,,2,929;928,308.19829,1029879.6,0,
929,331.18756197609275,9.37546,,,,80,70,[M+Na]+,,2,929;928,308.19829,681365.4,0,
933,444.27345045694545,9.433958,,,,88,,,,,,,0,2943629.2,
935,464.29983664821447,9.433958,,,,88,72,[M+H]+,,2,935;941,463.29251,0,2.6068934E7,
937,511.33690247215685,9.433958,,,,88,71,[M+NH4]+,,3,938;936;937,493.303,0,1392721.4,
941,486.28166902025004,9.457414,,,,88,72,[M+Na]+,,2,935;941,463.29251,0,3835945.5,
943,344.2787690022266,9.479916,,,,92,,,,,,,0,770080.8,
944,363.21577368585986,9.479916,,,,92,,,,,,,0,2686685.5,
952,423.27305339398515,9.502291,,,,92,,,,,,,0,2701146.2,
957,759.5029279229739,9.502291,,,,92,,,,,,,0,1.0490667E7,
958,777.5132031272925,9.502291,,,,92,,,,,,,0,2.6522268E7,
963,391.24696161689315,9.547003,,,,92,,,,,,,0,3172895.8,
965,590.3639572175962,9.547003,,,,92,73,[M+H]+,,2,966;965,589.35647,0,2005716.4,
970,849.5354880266883,9.547003,,,,92,,,,,,,0,1357494.5,
971,387.32114883281696,9.565077,,,,92,,,,,,,2492346.0,0,
972,599.4356502063131,9.567161,,,,92,74,[M+H]+,,2,972;973,598.42826,710863.5,3183365.5,
973,621.4173598902439,9.567161,,,,92,74,[M+Na]+,,2,972;973,598.42826,1835495.8,6674310.0,
976,465.34142554575305,9.578648,,,,92,75,[M+H]+,,3,977;976;978,464.33415,2111405.5,5116911.0,
977,482.3680706317988,9.58805,,,,92,75,[M+NH4]+,,3,977;976;978,464.33415,753136.75,0,
978,487.32335016650154,9.578648,,,,92,75,[M+Na]+,,3,977;976;978,464.33415,5192748.5,9781195.0,
982,343.29498140145677,9.6027,,,,92,,,,,,,972945.25,787491.2,
986,508.326219220294,9.6599045,,,,95,77,[M+H]+,,2,986;987,507.31882,0,1018088.5,
987,530.3079244502615,9.6599045,,,,95,77,[M+Na]+,,2,986;987,507.31882,0,629756.1,
989,437.19296860751143,9.660268,,,,,,,,,,,1737576.2,0,
995,800.5275641878725,9.682215,,,,95,,,,,,,0,1129519.8,
997,365.23171807417475,9.706754,,,,95,,,,,,,0,4694929.0,
998,373.23669193412826,9.706754,,,,95,,,,,,,0,1504365.2,
999,391.24708400062843,9.706754,,,,95,,,,,,,0,2284050.5,
1002,423.27329544598695,9.706754,,,,95,,,,,,,0,2042975.2,
1006,457.27866153325994,9.706754,,,,95,,,,,,,0,3075676.8,
1008,777.5131250462229,9.706754,,,,95,78,[M+H-H2O]+,,2,1010;1008,794.51629,0,1.2900769E7,
1009,795.5237091548328,9.706754,,,,95,78,[M+H]+,,2,1009;1010,794.51629,0,1.6274373E7,
1010,817.5052430567094,9.706754,,,,95,78,[M+Na]+,,3,1009;1010;1008,794.51629,0,3.363144E7,
1015,735.4995623857744,9.72896,,,,,,,,,,,0,697286.06,
1019,633.3949166084362,9.773862,,,,87,,,,,,,0,810744.06,
1020,149.02316074794416,9.818986,,,,96,,,,,,,2199817.2,1088726.4,
1022,279.15863504705396,9.818986,,,,96,79,[M+H]+,,2,1023;1022,278.15133,3761834.0,1529188.8,
1023,301.1405435472039,9.819027,,,,96,79,[M+Na]+,,2,1023;1022,278.15133,5160180.5,0,
1026,679.459050452775,9.830246,,,,96,80,[M+Na]+,,3,1021;1027;1026,656.46997,1288080.9,5690348.5,
1027,657.4774350745479,9.841244,,,,96,80,[M+H]+,,3,1021;1027;1026,656.46997,448502.44,2310458.5,
1028,368.257804985038,9.865735,,,,89,,,,,,,794662.9,0,
1030,523.3835643468034,9.8766575,,,,94,81,[M+H]+,,3,1034;1030;1031,522.37621,1432096.9,3553406.5,
1031,540.4101626366412,9.888356,,,,94,81,[M+NH4]+,,3,1034;1030;1031,522.37621,608266.94,0,
1033,735.5536879260499,9.8871355,,,,94,,,,,,,0,1017329.5,
1034,545.3653771316665,9.887746,,,,94,81,[M+Na]+,,3,1034;1030;1031,522.37621,4099814.0,8534632.0,
1039,373.2366306212069,9.909596,,,,98,,,,,,,0,2406232.2,
1041,391.2471263406925,9.909596,,,,98,,,,,,,0,3522391.8,
1045,423.2732236357709,9.909596,,,,98,,,,,,,0,3360675.0,
1048,599.4299817895436,9.909596,,,,98,,,,,,,0,2022437.5,
1049,617.4399826916347,9.909596,,,,98,,,,,,,0,1952300.9,
1052,725.4978131483815,9.909596,,,,98,,,,,,,0,2283054.2,
1053,743.5082702335417,9.909596,,,,98,,,,,,,0,7585917.5,
1055,801.5108253088382,9.909596,,,,98,82,[M+Na]+,,2,1054;1055,778.52177,0,1.2934253E7,
1056,455.2991489009392,9.931842,,,,98,,,,,,,0,1342969.9,
1060,441.28383446541403,9.9546,,,,90,,,,,,,0,3418194.8,
1062,778.54575009365,9.9546,,,,90,,,,,,,0,3940710.0,
1064,815.4879549613261,9.9546,,,,,,,,,,,0,878125.06,
1065,555.3030747675693,9.998759,,,,,,,,,,,706933.56,0,
1066,657.4056721353282,9.999112,,,,91,84,[M+H]+,,2,1067;1066,656.39832,0,872744.06,
1067,679.3874582604935,9.999112,,,,91,84,[M+Na]+,,2,1067;1066,656.39832,0,758444.94,
1069,831.5231769397345,10.021843,,,,93,,,,,,,0,791543.44,
1070,847.511475470396,10.021843,,,,93,,,,,,,0,595258.1,
1071,640.3766957340092,10.045753,,,,97,,,,,,,0,2359934.0,
1072,618.3950135655406,10.06832,,,,97,,,,,,,0,6539845.0,
1074,737.5008220314961,10.06832,,,,97,85,[M+Na]+,,2,1074;1073,714.51184,0,4344715.0,
1075,315.19268384769305,10.091888,,,,,,,,,,,1937291.9,0,
1073,715.5187724180544,10.06832,,,,97,85,[M+H]+,,2,1074;1073,714.51184,0,1247716.2,
1077,365.2315153800836,10.115182,,,,104,,,,,,,0,4915008.0,
1079,423.2731444542553,10.115182,,,,104,,,,,,,0,4143549.8,
1083,725.4975354528517,10.115182,,,,104,,,,,,,0,2154801.2,
1084,743.5079244594583,10.115182,,,,104,,,,,,,0,6759981.5,
1085,761.5181053086656,10.115182,,,,104,86,[M+H-H2O]+,,2,1086;1085,778.5212,0,2.105387E7,
1086,801.5102266391259,10.115182,,,,104,86,[M+Na]+,,2,1086;1085,778.5212,0,2.2445854E7,
1087,967.5502963565249,10.115182,,,,104,,,,,,,0,1786803.1,
1088,347.2209942219364,10.137388,,,,104,,,,,,,0,1919241.5,
1089,373.2365592074985,10.137388,,,,104,,,,,,,0,3239817.8,
1091,391.247055907847,10.137388,,,,104,,,,,,,0,4865156.5,
1092,397.257573460352,10.137388,,,,104,,,,,,,0,1936441.5,
1094,581.4248398420789,10.139007,,,,104,87,[M+H]+,,2,1094;1095,580.41766,756743.6,1950049.5,
1095,603.4069745578516,10.139007,,,,104,87,[M+Na]+,,2,1094;1095,580.41766,2582018.8,6146348.0,
1098,441.28377718588126,10.156749,,,,104,,,,,,,0,2.0302662E7,
1099,779.5284056855908,10.156749,,,,104,,,,,,,0,1.7733684E7,
1100,775.5392492564636,10.203934,,,,,,,,,,,0,456284.16,
1101,815.5279501621251,10.203934,,,,,,,,,,,0,671763.06,
1102,387.28411918698157,10.267894,,,,99,88,[M+H]+,,2,1104;1102,386.27685,0,500775.6,
1104,795.542346721938,10.267894,,,,99,89,[M+Na]+,,2,1103;1104,772.55356,0,2504761.2,
1105,753.4097202754558,10.293541,,,,101,,,,,,,0,928160.06,
1110,639.4670885889824,10.361755,,,,102,90,[M+H]+,,2,1109;1110,638.4596,0,799968.7,
1109,661.4487122350237,10.356024,,,,102,90,[M+Na]+,,2,1109;1110,638.4596,1004955.9,3221743.8,
1111,783.5002678041149,10.384141,,,,,,,,,,,0,3322090.5,
1112,441.2841942731052,10.407455,,,,106,,,,,,,0,1629291.6,
1113,685.4374547501018,10.407455,,,,106,91,[M+H]+,,2,1113;1114,684.43005,0,2831796.5,
1114,707.4191436444647,10.407455,,,,106,91,[M+Na]+,,2,1113;1114,684.43005,0,2950169.0,
1115,775.5365096416948,10.407455,,,,106,92,[M+H-H2O]+,,2,1115;1116,792.53905,0,490506.34,
1116,815.5275273853968,10.407455,,,,106,92,[M+Na]+,,2,1115;1116,792.53905,0,1623768.2,
1117,329.1718427437313,10.42395,,,,,,,,,,,627393.56,0,
1118,793.5459819760492,10.427386,,,,,,,,,,,0,366179.7,
1119,446.28963820632083,10.453623,,,,,,,,,,,0,609833.75,
1120,602.4007679343664,10.453623,,,,100,,,,,,,0,706494.25,
1121,853.5845990405048,10.453623,,,,100,,,,,,,0,901985.0,
1122,331.26260750485454,10.54557,,,,103,93,[M+H-H2O]+,,2,1123;1122,348.26605,703138.7,0,
1123,371.2554139258975,10.54557,,,,103,93,[M+Na]+,,2,1123;1122,348.26605,1335042.4,0,
1125,314.2684377687849,10.619495,,,,,,,,,,,0,1404177.5,
1124,719.4905908251798,10.558405,,,,,,,,,,,518858.94,872842.8,
1126,744.4063053295417,10.619495,,,,105,,,,,,,0,2200567.8,
1127,755.3969289713018,10.619495,,,,105,,,,,,,0,894823.9,
1128,987.553587202586,10.687974,,,,,,,,,,,0,842764.25,
1129,473.3442922863834,10.698717,,,,108,,,,,,,736765.9,1239045.0,
1130,517.3705863677419,10.711914,,,,108,,,,,,,822034.1,1192450.4,
1131,561.3966928399803,10.723207,,,,108,,,,,,,788290.75,1314090.9,
1132,605.42267493668,10.734662,,,,108,,,,,,,737599.25,1158185.6,
1133,649.4486556992387,10.734662,,,,108,,,,,,,532253.4,876340.4,
1134,693.4748441947283,10.737276,,,,108,,,,,,,0,639023.06,
1135,713.4684986158268,10.787198,,,,,,,,,,,0,2983404.5,
1136,735.4502839699193,10.787198,,,,,,,,,,,0,4060374.5,
1138,366.24225395792445,10.823883,,,,,,,,,,,626403.0,0,
1139,280.2629847075689,10.910418,,,,107,94,[M+H]+,,2,1139;1140,279.25568,1078102.0,771122.44,
1140,302.244790770892,10.916584,,,,107,94,[M+Na]+,,2,1139;1140,279.25568,706163.9,0,
1141,512.2382841773486,10.916584,,,,,,,,,,,1772425.2,0,
1142,443.3336811508533,10.933041,,,,109,,,,,,,1311870.2,1061921.1,
1143,487.3597379582428,10.933041,,,,109,,,,,,,1652456.2,1672241.4,
1144,350.21178963066745,10.956888,,,,109,,,,,,,846169.6,356653.7,
1145,531.3860502440108,10.956888,,,,109,,,,,,,1807547.2,2028300.6,
1146,575.4121318979537,10.956888,,,,109,,,,,,,1700496.2,1943637.8,
1147,619.4380540795253,10.956888,,,,109,,,,,,,1368202.6,1579526.8,
1148,663.4641833624651,10.979486,,,,109,,,,,,,1037115.06,1319969.9,
1149,707.4901232922846,10.979486,,,,109,,,,,,,666038.2,954615.94,
1150,342.29956770896865,11.030487,,,,,,,,,,,686167.1,0,
1152,256.26304966628277,11.094426,,,,,,,,,,,690249.4,470502.03,
1151,311.2186981888832,11.076687,,,,,,,,,,,680106.75,0,
1153,353.2656192605639,11.166229,,,,,,,,,,,1327108.0,843169.4,
1154,457.34923806939975,11.202839,,,,111,,,,,,,754468.5,1031815.0,
1156,501.3754247067767,11.213959,,,,111,,,,,,,974198.2,1320051.8,
1157,589.4276800933467,11.213959,,,,111,,,,,,,851855.8,1228561.0,
1158,633.4538963509308,11.213959,,,,111,,,,,,,635330.9,974611.6,
1162,366.23089215408663,11.240528,,,,111,,,,,,,390374.78,0,
1159,545.4016739318221,11.225357,,,,111,,,,,,,921604.06,1365620.4,
1163,563.5503096241904,11.240528,,,,111,95,[2M+H]+,,2,1161;1163,281.27136,463202.56,0,
1155,677.4799171747777,11.210185,,,,111,,,,,,,0,702883.9,
1160,282.2786236528641,11.236937,,,,111,95,[M+H]+,,2,1160;1161,281.27136,9148928.0,8772929.0,
1161,304.2604890700608,11.236937,,,,111,95,[M+Na]+,,3,1160;1161;1163,281.27136,4103371.5,2475654.2,
1167,721.4660636458714,11.357908,,,,112,,,,,,,664293.6,0,
1169,809.5178311857904,11.357908,,,,112,,,,,,,779136.25,0,
1171,831.5308708990497,11.357908,,,,112,,,,,,,763581.56,0,
1172,361.2399008680209,11.381541,,,,110,96,[M+H]+,,2,1172;1173,360.23265,556443.0,0,
1173,383.2219548813907,11.381541,,,,110,96,[M+Na]+,,2,1172;1173,360.23265,1604607.6,0,
1175,228.19547721739508,11.531005,,,,113,,,,,,,2156224.8,494713.62,
1176,408.3076667617941,11.544559,,,,113,,,,,,,496145.9,0,
1177,470.316446922921,11.567394,,,,115,102,[M+H]+,,2,1196;1177,469.30833,718672.0,0,
1178,492.32945533369946,11.567394,,,,115,,,,,,,1067498.0,0,
1179,514.3427987494875,11.567394,,,,115,,,,,,,1112037.4,0,
1180,536.3560230220755,11.567394,,,,115,,,,,,,869205.75,0,
1188,873.5524385791044,11.567394,,,,115,98,[M+Na]+,,2,1188;1187,850.56417,611962.1,0,
1193,309.27810030791096,11.589988,,,,115,,,,,,,1467649.6,0,
1194,393.29664317930775,11.589988,,,,115,,,,,,,590232.5,0,
1199,525.3331094364098,11.589988,,,,115,,,,,,,558296.3,0,
1205,437.3229613075751,11.614931,,,,115,,,,,,,884694.2,0,
1203,338.341051808136,11.613822,,,,115,,,,,,,1364859.8,1565062.5,
1204,384.3465525811397,11.613822,,,,115,103,[M+H]+,,2,1210;1204,383.33923,1602872.2,1846047.1,
1216,569.4014154885826,11.63721,,,,115,105,[M+Na]+,,2,1215;1216,546.41212,822037.75,0,
1210,406.3284103132901,11.627479,,,,115,103,[M+Na]+,,2,1210;1204,383.33923,1029842.44,1259086.0,
1223,284.29433300675277,11.659493,,,,,,,,,,,495929.38,0,
1225,381.2968800579358,11.696739,,,,,,,,,,,538194.2,742373.7,
1226,391.283649092524,11.827756,,,,114,108,[M+H]+,,2,1228;1226,390.27636,1791269.1,2024936.6,
1227,149.02314502693997,11.830016,,,,114,,,,,,,0,617573.1,
1228,413.2655682004097,11.8391285,,,,114,108,[M+Na]+,,2,1228;1226,390.27636,3090595.8,2661519.0,
1229,338.341067933478,12.354692,,,,116,109,[M+H]+,,2,1230;1229,337.33382,7215472.5,7286680.5,
1230,360.3229456432272,12.354692,,,,116,109,[M+Na]+,,3,1230;1231;1229,337.33382,2041890.6,1515185.5,
1231,675.6751387536808,12.354692,,,,116,109,[2M+H]+,,2,1230;1231,337.33382,585610.7,721019.2,
1240,519.1382122669219,12.998484,,,,117,110,[M+H]+,,3,1244;1247;1240,518.13081,8469709.0,0,
1233,503.10673978388763,12.855717,,,,117,,,,,,,0,2441254.8,
1244,536.1646830009123,13.021598,,,,117,110,[M+NH4]+,,3,1244;1247;1240,518.13081,3422564.0,0,
1247,541.1199716066619,12.998484,,,,117,110,[M+Na]+,,3,1244;1247;1240,518.13081,5153363.0,0,
1232,282.27862905598647,12.855717,,,,117,,,,,,,0,2622777.0,
1251,531.407791945828,13.535166,,,,118,111,[M+H]+,,2,1252;1251,530.40027,4089072.5,1.3401677E7,
1252,553.3892427667145,13.535166,,,,118,111,[M+Na]+,,2,1252;1251,530.40027,1341302.6,2832159.5,
1255,646.2573004569495,13.60634,,,,118,,,,,,,757419.5,0,
1256,223.06324921968832,13.625532,,,,119,,,,,,,0,5388594.0,
1264,316.0552222853622,13.648016,,,,119,,,,,,,0,1621789.0,
1274,355.06898373135425,13.697435,,,,119,,,,,,,1184347.0,7467651.0,
1263,297.08185960733226,13.648016,,,,119,,,,,,,0,1530265.4,
1257,237.07885200475553,13.625532,,,,119,,,,,,,0,2435357.0,
1277,371.10054285890044,13.720455,,,,119,,,,,,,3656913.0,1.2096566E7,
1266,577.1255688436373,13.648016,,,,119,,,,,,,0,5943839.5,
1278,593.156800359809,13.792895,,,,119,,,,,,,9155031.0,0,
1271,445.11919229997886,13.670828,,,,119,,,,,,,0,4249360.0,
1303,519.1382311434999,14.463906,,,,,,,,,,,0,5293405.0,
1291,297.0819245799988,14.463906,,,,121,,,,,,,0,7080785.0,
1305,651.1441047834704,14.463906,,,,121,,,,,,,0,3394939.0,
1307,667.1753409808373,14.463906,,,,121,,,,,,,0,2.5188434E7,
1285,237.07890587526668,14.417762,,,,121,,,,,,,0,3846600.0,
1286,355.069167447205,14.440666,,,,121,,,,,,,0,3189499.2,
1289,223.06331061406993,14.463906,,,,121,,,,,,,0,1.1927339E7,
1294,371.1006210603892,14.463906,,,,121,,,,,,,0,2.5012056E7,
1297,429.08802238146615,14.463906,,,,121,,,,,,,0,3718429.2,
1302,448.118644743746,14.463906,,,,121,,,,,,,0,1623844.8,
1299,445.11932354816724,14.463906,,,,121,,,,,,,0,2.0452188E7,
1314,684.202447609557,14.652085,,,,121,112,[M+NH4]+,,2,1317;1314,666.16802,2789894.5,0,
1317,689.1567220259061,14.652085,,,,121,112,[M+Na]+,,2,1317;1314,666.16802,3891209.0,0,
1321,519.1383349383926,14.675151,,,,,,,,,,,5177788.5,0,
1324,223.06334280029444,14.722753,,,,120,,,,,,,3096415.5,0,
1325,445.1194352364665,14.722753,,,,120,,,,,,,1.2371442E7,0,
1326,371.10070398552807,14.745938,,,,120,,,,,,,1.0776137E7,0,
1322,667.1755563880669,14.675151,,,,120,,,,,,,4881987.0,0,
1334,663.4527015966892,15.651535,,,,,,,,,,,7849358.0,1.2028191E7,
1338,223.0632118016827,15.71738,,,,123,,,,,,,0,1.1256553E7,
1339,297.0817947054355,15.71738,,,,123,,,,,,,0,1.1513752E7,
1341,371.1004492756705,15.71738,,,,123,,,,,,,0,4.1018656E7,
1344,389.11103295457974,15.71738,,,,123,,,,,,,0,6315412.0,
1345,445.1191316791922,15.71738,,,,123,,,,,,,0,2.3583528E7,
1347,519.1379995898313,15.71738,,,,123,,,,,,,0,1.2354885E7,
1350,741.1935124865287,15.71738,,,,123,,,,,,,0,1.6268972E7,
1357,355.06903613453954,15.786388,,,,123,,,,,,,0,3364355.5,
1356,237.07880482585404,15.76329,,,,123,,,,,,,0,3814524.5,
1363,532.438882732958,15.877194,,,,122,113,[M+NH4]+,,2,1363;1359,514.40505,0,4882118.5,
1359,537.3937366433032,15.853927,,,,122,113,[M+Na]+,,2,1363;1359,514.40505,0,4.9064356E7,
1365,329.2134491949522,15.921991,,,,122,,,,,,,0,2004031.1,
1369,445.11945810752655,16.026373,,,,,,,,,,,5615682.5,0,
1360,891.7632231080256,15.853927,,,,122,,,,,,,0,4693278.0,
1371,519.1383272269861,16.026373,,,,,,,,,,,4776614.5,0,
1368,515.4120212608904,15.968085,,,,,,,,,,,0,1.6940797E8,
1376,515.412305720735,16.255983,,,,124,114,[M+H]+,,3,1378;1376;1379,514.40502,1.4841184E8,0,
1380,538.397415784319,16.279644,,,,124,,,,,,,1.3668289E7,0,
1378,532.4391427126244,16.279644,,,,124,114,[M+NH4]+,,3,1378;1376;1379,514.40502,3876200.2,0,
1379,537.3941694937956,16.279644,,,,124,114,[M+Na]+,,3,1378;1376;1379,514.40502,4.0650264E7,0,
1385,389.11120475907643,17.17402,,,,,,,,,,,0,3346785.8,
1382,297.08194074651243,17.17402,,,,125,,,,,,,0,6548993.0,
1392,445.1193622460785,17.201414,,,,125,,,,,,,4151581.2,1.719306E7,
1394,463.12992669414933,17.264738,,,,125,,,,,,,0,2861516.5,
1393,371.1006262061075,17.246773,,,,125,,,,,,,4405941.5,2.2307062E7,
1395,519.1382578147018,17.264738,,,,125,,,,,,,0,6263483.5,
1396,223.06330111576742,17.287954,,,,125,,,,,,,0,7740368.5,
